,Tweets,len,ID,Date,Source,Likes,RTs,User Location,Geo,Coordinates
0,"O pedido de arquivamento apenas confirma o car√°ter abusivo do procedimento no TCU e a lisura de meu contrato na esfera privada. Ainda assim abri minhas contas ao p√∫blico, pois n√£o devo nada. Quero ver Lula e Bolsonaro fazerem o mesmo. #AbreAsContasBolsoLula https://t.co/Q1sFhwcBMR",281,1488337175594901514,2022-02-01 02:23:29,Twitter for iPhone,8339,1328,,,
1,"MINHA PARTE ESTOU FAZENDO, TODO LASCADO E COM A SENSA√á√ÉO DO DEVER CUMPRIDO, BOLSONARO VAI SE REELEGER E TENHO CERTEZA ABSOLUTA DISSO HOJE. A DOIS MESES ATR√ÅS EU ESTAVA COM MEDO DO LULA E COMECEI A LUTAR.  HOJE EU GARANTO A VCS, J√Å VENCEMOS. AAAHHHUUUUU",252,1488155626131836933,2022-01-31 14:22:04,Twitter for Android,6125,757,Rio de Janeiro,,
2,"Bolsonaro diz antever guerra na elei√ß√£o e j√° comete crimes. Em eventos oficiais no interior do Rio, atacou Lula e o PT. Dois crimes: - campanha eleitoral antecipada; - uso de dinheiro p√∫blico na campanha. Afirmou ainda q Dilma e Dirceu ser√£o ministros se Lula vencer. 2 del√≠rios.",279,1488317994245754882,2022-02-01 01:07:16,Twitter for iPhone,4618,487,"S√£o Paulo, Brasil.",,
3,Luz para todos ou Luz para poucos? #equipeLula https://t.co/W8RljmFK67 https://t.co/lnfkIY8SOD,94,1488220465491492878,2022-01-31 18:39:43,Twitter Web App,3349,662,S√£o Bernardo do Campo,,
4,"Tivemos uma conversa com presidente Lula sobre Democracia, institucionalidade, economia e elei√ß√£o. Inclusive a √∫ltima, que elegeu Bolsonaro e quebrou o Brasil. Pessoalmente defendo que se o MDB n√£o tiver um candidato competitivo √© mais consequente uma alian√ßa com @LulaOficial https://t.co/Y87dDiUCtg",300,1488290826765623301,2022-01-31 23:19:18,Twitter for iPhone,2800,243,,,
5,"O poss√≠vel retorno de @LulaOficial faz bem at√© ao governo Bolsonaro e j√° derruba a cota√ß√£o do d√≥lar. Os mercados, como todos sabem, antecipam o futuro, ainda que alguns espertalh√µes falem em risco-Lula para manipular incautos https://t.co/PtLh5garHR",249,1488439840043638784,2022-02-01 09:11:26,Twitter Web App,989,225,"Sao Paulo, Brasil",,
6,"Bolsonaro √© ref√©m do Congresso e Moro √© uma figura insignificante, diz Lula https://t.co/ZD1u61Cv5O",99,1488479538699022338,2022-02-01 11:49:11,Zapier.com,2527,241,Brasil,,
7,Bolsonaro diz que Z√© Dirceu vai para Casa Civil e Dilma para a Defesa se Lula for eleito.  https://t.co/cnT5QoMFET,114,1488195558133186560,2022-01-31 17:00:45,Buffer,1539,181,S√£o Paulo / Brazil,,
8,S√≥ a desist√™ncia de Bolsonaro pode impedir a vit√≥ria de Lula https://t.co/5ejPf7KC8w,84,1488445001906462720,2022-02-01 09:31:57,Twitter Web App,1814,180,,,
9,"Brasil: um pa√≠s onde velhos, velharias e velhacos n√£o morrem nem saem de cima. Tanta gente nova e capaz, e o brasileiro se engalfinhando por setent√µes imprest√°veis, como Lula e Bolsonaro. Leia a coluna de Ricardo Kertzman https://t.co/mhj84HjNUs",245,1488094832727838723,2022-01-31 10:20:30,Hootsuite Inc.,902,214,"S√£o Paulo, SP, Brasil",,
10,"""Lula est√° fazendo tudo certo, s√≥ n√£o ser√° presidente se surgir o inesperado e Bolsonaro deve desistir para n√£o ser preso e liderar, do Senado, a oposi√ß√£o"". Merval Pereira, do Globo https://t.co/iIT24F7D9X",205,1488433467725692934,2022-02-01 08:46:07,Twitter Web App,445,108,"Sao Paulo, Brasil",,
11,"Quem n√£o quer Lula nem Bolsonaro, levanta a m√£o !!!!!",53,1488555838675501062,2022-02-01 16:52:22,Twitter for iPhone,3403,178,natalini@natalini.com.br,,
12,"Leiam no Globo. O canastr√£o da farofa ‚Äî aquele ogro q √± sabe nem comer √© marketing autodepreciativo (√± cola mais) ‚Äî j√° enfrenta a fuga de lideran√ßas regionais do centr√£o, q migram para a candidatura de Lula. Quem quer um negacionista ca√≠do em desgra√ßa? https://t.co/zwAAse2FEi",276,1487953207565467650,2022-01-31 00:57:44,Twitter for iPhone,3250,418,"S√£o Paulo, Brasil.",,
13,Se voc√™ n√£o vai votar no Lula ou no Bolsonaro - deixo pra voc√™ uma dica:   CIRO GOMES,85,1487961426685739008,2022-01-31 01:30:23,Twitter for iPhone,4146,455,Rep√∫blica das Bananas,,
14,"‚ÄúEu votaria em qualquer pessoa que n√£o fosse Lula e Bolsonaro. Votaria numa cabra, se fosse o caso. Mas jamais votaria em um ou outro‚Äù. (S√©rgio Moro, em entrevista, hoje) https://t.co/aiOYQ1Dsvd",194,1488548322663145475,2022-02-01 16:22:30,TweetDeck,465,56,,,
15,"Lula @LulaOficial , voc√™ √© um fracassado est√° relutante em aceitar isso. O PR Bolsonaro @jairbolsonaro est√° indo muito bem obrigado. N√£o fique com inveja, passe  admir√°-lo e inspire-se nele. Inspirar na trajet√≥ria de vencedores nos leva mais longe. Para isso precisa ser humilde.",279,1487919008351457283,2022-01-30 22:41:50,Twitter for iPhone,379,78,"S√£o Paulo, Brasil",,
16,"Est√° lan√ßado o desafio. Uma nova forma de fazer pol√≠tica est√° na mesa. Vai abrir as contas dos gabinetes e da rachadinha, Bolsonaro? E voc√™, Lula? Vai abrir as contas das suas palestras e do s√≠tio de Atibaia? #AbreAsContasBolsolula https://t.co/sNYhPUqM1k",255,1487177505522036742,2022-01-28 21:35:22,Twitter for iPhone,21364,4508,,,
17,"Verdades: Entre Lula e Bolsonaro existe um abismo gigantesco! 1 √© acusado de dar declara√ß√µes pol√™micas. O outro e condenado em 3 inst√¢ncias pelo maior esquema de corrup√ß√£o q o mundo j√° viu. Moro vai abrir as contas pq o MP pediu quebra de sigilo, n√£o pq √© corajoso.",265,1486480329644941312,2022-01-26 23:25:02,Twitter for Android,20412,3769,,,
18,"Olavo, o primeiro intelectual na candidatura Bolsonaro. E mais, no coment√°rio de hoje: Jefferson, sem condena√ß√£o, mantido incomunic√°vel. E Brumadinho com 272 mortes, pode ter processo anulado como o de Lula. Confira: https://t.co/3EhRvXOSiI via @YouTube",253,1486134594202226689,2022-01-26 00:31:12,Twitter for iPhone,10988,1961,,,
19,"Lula, que nunca se recusou a depor, sem nenhum motivo foi alvo de condu√ß√£o coercitiva em 2016, espetacularizada pela m√≠dia. Bolsonaro, que avisou que n√£o obedeceria ordens do STF, foi intimado e cumpriu a promessa hoje, nada sofreu. Pau que bate em Chico, n√£o bate em Francisco.",278,1487181369285529602,2022-01-28 21:50:43,Twitter Web App,6319,1146,Curitiba - Brasil,,
20,"Acabamos de terminar a live e o desafio foi lan√ßado. Moro abriu suas contas, quando Lula vai fazer o mesmo sobre suas ""palestras"" e Bolsonaro sobre os dep√≥sitos que recebia? #AbreAsContasBolsoLula",196,1487179852428062723,2022-01-28 21:44:41,Twitter Web App,6775,1146,,,
21,Lula amea√ßa fugir dos debates. Isso √© medo de que Bolsonaro esfregue na cara dele em rede nacional todos os casos de corrup√ß√£o que quase destru√≠ram o Brasil praticados pelo petista? https://t.co/Dfqjb5g53E,205,1486159739499208715,2022-01-26 02:11:08,Twitter Media Studio,5535,1340,Niter√≥i - Rio de Janeiro,,
22,Foi s√≥ mudar as regras que os resultados apareceram diferentes. Lula e Bolsonaro aparecem tecnicamente empatados em nova pesquisa.  https://t.co/CNCEYXL788,155,1486522202916802571,2022-01-27 02:11:26,Twitter for iPhone,4584,631,Brasil,,
23,at√© hj n√£o esque√ßo que o bolsonaro me bloqueou por marcar um x1 dele com o lula no mine https://t.co/0kZEOMPhIj,111,1487573288989638657,2022-01-29 23:48:04,Twitter Web App,8986,423,"S√£o Paulo, Brasil",,
24,Luluistas fala que √© um absurdo comparar o Lula com o Bolsonaro.  Bolsonaristas falam que √© um absurdo comparar o Bolsonaro com o Lula. Eu falo que √© um absurdo n√£o comparar os 2. Para mim s√£o 2 lados da mesma moeda.,216,1486782480103489536,2022-01-27 19:25:40,Twitter Web App,10379,869,Brasil,,
25,S√©rgio Moro abriu as contas e PROVOU o √≥bvio:  ‚Ä¢ Ele n√£o recebeu dinheiro de corrup√ß√£o na inciativa privada!  Bolsonaro vai abrir e mostrar que n√£o recebeu repasses de Queiroz e assessores?  Lula vai abrir e mostrar que n√£o recebeu de empreiteiras?  #AbreAsContasBolsoLula,272,1487180742400655361,2022-01-28 21:48:14,Twitter for iPhone,4786,834,"S√£o Paulo, Brasil",,
26,"Ciro Gomes e S√©rgio Moro foram os primeiros a confirmar presen√ßa no debate da Band.  Doria tamb√©m confirmou. Bolsonaro j√° disse que vai a debates e Lula, embora n√£o tenha respondido diretamente, j√° estuda sua participa√ß√£o. √â certa a confirma√ß√£o de Simone Tebet e Felipe D‚ÄôAvila.",278,1487870074430050305,2022-01-30 19:27:23,Twitter for iPhone,1351,92,,,
27,"De ontem pra hoje:  - Bolsonaro foge de depoimento no STF e PF diz que  presidente cometeu crime   - Moro revela que ganhou R$ 3,2 milh√µes, o equivalente a um triplex + s√≠tio, para trabalhar em consultoria - e diz que n√£o enriqueceu  - Processo do Triplex contra Lula √© arquivado.",280,1487459643198685194,2022-01-29 16:16:29,Twitter Web App,2237,325,Pernambuco,,
28,Pesquisa em Alagoas (18 a 21/1) mostra Lula vencendo no 1¬∫ turno com 54% de votos e Bolsonaro 24%. Os 2% dados a Moro revelam sua indig√™ncia eleitoral.A desaprova√ß√£o ao presidente bateu 60% e a aprova√ß√£o a Renan Filho (75%) √© uma das mais altas do pa√≠s.O trabalho faz a diferen√ßa.,280,1486357510382571522,2022-01-26 15:17:00,Twitter for iPhone,4135,445,,,
29,Jair Bolsonaro arregou para o depoimento √† Pol√≠cia Federal.  Lula arregou para a CPI anti-Moro.  √â o bolsolulismo arreg√£o.,122,1487113174633570308,2022-01-28 17:19:44,Twitter for iPhone,4392,571,Rio de Janeiro,,
30,"Podemos repudiou, em nota, a uni√£o de Lula, Bolsonaro e Centr√£o para criar CPI anti-Moro, ‚Äúilegal perante as nossas leis vigentes‚Äù.  ‚ÄúAtacar Moro com CPI, manipula√ß√£o de fatos e fakenews s√≥ mostra o tamanho do medo deles contra o combate ao sistema corrupto.‚Äù  Em suma: sentiram.",279,1485791478563627008,2022-01-25 01:47:47,Twitter for iPhone,3584,394,Rio de Janeiro,,
31,"Bolsonaro @jairbolsonaro comemorou a soltura do Lula, sabotou a articula√ß√£o para retomar a pris√£o em segunda inst√¢ncia e agora apoia a CPI contra Moro @SF_Moro. √â t√£o est√∫pido que n√£o percebe q ser√° preso e Lula @LulaOficial ainda o exibir√° como trof√©u da democracia.",267,1485727935189467138,2022-01-24 21:35:17,Twitter Web App,1898,321,"Bras√≠lia, DF",,
32,√â um tanto lament√°vel ver a mente de um ex-juiz corro√≠da por gatilhos de guerra pol√≠tica onde brotam todo tipo de canalhice ret√≥rica. Comparar o ser desprez√≠vel do Lula com o Presidente Jair Bolsonaro revela uma falta de car√°ter m√≠nima para ser s√≠ndico de pr√©dio.,263,1485802007445356546,2022-01-25 02:29:38,Twitter for iPhone,1974,394,"Bras√≠lia, Brasil",,
33,Bom dia! Um dos maiores financistas da Faria Lima diz que o risco para o mercado financeiro em 2022 atende pelo nome de Jair Bolsonaro ‚Äì e n√£o Lula https://t.co/cNYKnqGptr,171,1485909933694541824,2022-01-25 09:38:29,Twitter Web App,847,203,"Sao Paulo, Brasil",,
34,"No tempo do Lula os brasileiros tinham a mesa farta, carrinho do supermercado cheio e churrasco com picanha. No Brasil de Bolsonaro, o povo √© obrigado a comer osso e pele de frango. A escolha √© MUITO F√ÅCIL!",206,1485768133554196483,2022-01-25 00:15:01,Twitter for Android,1088,187,Cariacica-ES,,
35,"""O verdadeiro risco para o mercado √© Bolsonaro ‚Äì e n√£o Lula"", diz um dos financistas mais influentes da Faria Lima https://t.co/ge0FqD9peJ",138,1485905690170466312,2022-01-25 09:21:37,TweetDeck,348,86,"S√£o Paulo, SP",,
36,"Moro tem legado importante, mas n√£o vai chegar longe somente com isso. Ele precisa apresentar um projeto que transmita confian√ßa. Qual √© a sua reforma tribut√°ria? E a administrativa? Como vai governar? Como vai privatizar as estatais? S√≥ discurso contra Lula e Bolsonaro √© pouco.",279,1485782292324925441,2022-01-25 01:11:17,Twitter for iPhone,3165,141,S√£o Paulo / Brasil,,
37,"‚ÄúBolsonaro oferece muito mais riscos do que Lula‚Äù, diz ex-presidente do Credit Suisse  Marcelo Kayath diz que deve votar em Lula - ele nunca votou no PT - para derrotar Bolsonaro. ""Ele n√£o √© de direita, √© maluco""  https://t.co/GJeNBrYR5J https://t.co/CpvF1r8tVd",261,1485931811456917506,2022-01-25 11:05:25,Twitter Web App,273,55,Brasil,,
38,"Apareceu um investidor para romper o pacto de sil√™ncio: se em 2002 Lula fez tremer o mercado, desta vez o risco √© Bolsonaro. Sua condi√ß√£o de ref√©m tem um custo fiscal elevado. Lula, fortalecido pelas urnas, teria mais condi√ß√£o de resistir √†s press√µesüëá https://t.co/pgkpwydwqu",275,1485935670912765953,2022-01-25 11:20:45,Twitter for iPhone,396,61,"S√£o Paulo, Brasil",,
39,"Bozzella, sobre ataques de Lula e Bolsonaro a Moro: ""Ningu√©m chuta cachorro morto"" https://t.co/j5ReTYcuW3",106,1486057871590805509,2022-01-25 19:26:20,Twitter for iPhone,344,51,,,
40,Lula e Bolsonaro: dois criminosos autorit√°rios  https://t.co/SlNPpnKPZx,71,1485992481309306892,2022-01-25 15:06:30,Twitter for iPhone,482,46,,,
41,".@bozzellajr disse a O Antagonista que ‚ÄúPT, bolsonarismo e Centr√£o s√£o uma coisa s√≥‚Äù. https://t.co/Syy4EGcMpl",109,1486052162174132224,2022-01-25 19:03:39,TweetDeck,195,38,,,
42,‚ÄúLula √© filho do Bolsonaro‚Äù. - @SF_Moro   #MoroNoFlow https://t.co/BQecsMHcY5,77,1485782827002220545,2022-01-25 01:13:25,Twitter for iPhone,113,19,"S√£o Paulo, Brasil",,
43,"Fl√°vio Bolsonaro ataca Lula com fake news, de novo! Desta vez, eles querem abafar a den√∫ncia sobre rachadinhas mas o povo n√£o √© bobo e j√° conhece estas artimanhas irrespons√°veis e criminosas. Chega de mentiras!  Saiba mais: https://t.co/90XjqAvjZ4 https://t.co/l7nkOpv7AQ",271,1485982552812830729,2022-01-25 14:27:03,Twitter for Android,63,15,Rio de Janeiro (RJ),,
